{"DataVersion":3,"Paths":{"\/":"\/1,1,1\/0,1,0,-0.1"},"Entities":[{"id":"{2985c79b-c9cf-4bd8-9d5b-b74eeb5f410b}","type":"Text","lastEdited":1620878008852839,"name":"EXIT","locked":true,"position":{"x":6.9228515625,"y":1.1728515625,"z":1.615966796875},"dimensions":{"x":2.2967276573181,"y":0.30000001192093,"z":0.0099999997764826},"rotation":{"x":-0.0002899169921875,"y":-1.52587890625e-5,"z":-1.52587890625e-5,"w":1},"created":1619925102553877,"lastEditedBy":"{fdcf0acf-f36e-454c-952d-995297261323}","queryAACube":{"x":5.7647218704224,"y":0.014721751213074,"z":0.45783698558807,"scale":2.3162596225739},"renderWithZones":["{00356305-f3d5-4395-834a-096bbbf4c4dc}"],"grab":{"grabbable":false,"equippableLeftRotation":{"x":-1.52587890625e-5,"y":-1.52587890625e-5,"z":-1.52587890625e-5,"w":1},"equippableRightRotation":{"x":-1.52587890625e-5,"y":-1.52587890625e-5,"z":-1.52587890625e-5,"w":1}},"damping":0,"angularDamping":0,"text":"EXIT","lineHeight":0.25,"textColor":{"red":255,"green":0,"blue":0},"backgroundAlpha":0,"unlit":true,"alignment":"center","clientOnly":false,"avatarEntity":false,"localEntity":false,"faceCamera":false,"isFacingAvatar":false},{"id":"{4ef7cded-0520-4649-b802-35d34d9edaba}","type":"Light","lastEdited":1620878008849565,"parentID":"{00356305-f3d5-4395-834a-096bbbf4c4dc}","name":"PASSERELLE_LIGHT","locked":true,"position":{"x":1.13720703125,"y":3.466064453125,"z":8.5030040740967},"dimensions":{"x":13.180814743042,"y":13.180814743042,"z":13.180814743042},"rotation":{"x":-1.52587890625e-5,"y":-1.52587890625e-5,"z":-1.52587890625e-5,"w":1},"created":1619924129782698,"lastEditedBy":"{fdcf0acf-f36e-454c-952d-995297261323}","queryAACube":{"x":3989.7219238281,"y":3992.0512695312,"z":3997.087890625,"scale":22.829839706421},"renderWithZones":["{00356305-f3d5-4395-834a-096bbbf4c4dc}"],"grab":{"grabbable":false,"equippableLeftRotation":{"x":-1.52587890625e-5,"y":-1.52587890625e-5,"z":-1.52587890625e-5,"w":1},"equippableRightRotation":{"x":-1.52587890625e-5,"y":-1.52587890625e-5,"z":-1.52587890625e-5,"w":1}},"damping":0,"angularDamping":0,"color":{"red":255,"green":153,"blue":0},"intensity":5,"exponent":1,"cutoff":75,"falloffRadius":1,"clientOnly":false,"avatarEntity":false,"localEntity":false,"faceCamera":false,"isFacingAvatar":false},{"id":"{eb54c53f-daf5-42df-9679-4cfefa16a898}","type":"Box","lastEdited":1620878008855020,"parentID":"{00356305-f3d5-4395-834a-096bbbf4c4dc}","visible":false,"name":"TP","locked":true,"position":{"x":1.683349609375,"y":-0.51318359375,"z":3.670102596283},"dimensions":{"x":1.6995067596436,"y":2.8064503669739,"z":0.60185539722443},"rotation":{"x":-1.52587890625e-5,"y":-1.52587890625e-5,"z":-1.52587890625e-5,"w":1},"created":1619926785421167,"lastEditedBy":"{039f8618-7d15-4c8a-9693-65576c8d3235}","queryAACube":{"x":4000.0153808594,"y":3997.8190917969,"z":4002.0024414062,"scale":3.3356733322144},"renderWithZones":["{00356305-f3d5-4395-834a-096bbbf4c4dc}"],"grab":{"grabbable":false,"equippableLeftRotation":{"x":-1.52587890625e-5,"y":-1.52587890625e-5,"z":-1.52587890625e-5,"w":1},"equippableRightRotation":{"x":-1.52587890625e-5,"y":-1.52587890625e-5,"z":-1.52587890625e-5,"w":1}},"damping":0,"angularDamping":0,"collisionless":true,"ignoreForCollisions":true,"script":"http:\/\/metaverse.bashora.com\/scripts\/hytrion_junction\/exit_Dependencies .js","color":{"red":240,"green":164,"blue":0},"shape":"Cube","clientOnly":false,"avatarEntity":false,"localEntity":false,"faceCamera":false,"isFacingAvatar":false},{"id":"{03dc1359-c168-41fd-8069-ce1a6c70975d}","type":"Box","lastEdited":1620878008854799,"parentID":"{00356305-f3d5-4395-834a-096bbbf4c4dc}","visible":false,"name":"TP-STOPPER","locked":true,"position":{"x":1.683837890625,"y":-0.513427734375,"z":4.265805721283},"dimensions":{"x":1.6995067596436,"y":2.8064503669739,"z":0.60185539722443},"rotation":{"x":-1.52587890625e-5,"y":-1.52587890625e-5,"z":-1.52587890625e-5,"w":1},"created":1619926644260262,"lastEditedBy":"{039f8618-7d15-4c8a-9693-65576c8d3235}","queryAACube":{"x":4000.0158691406,"y":3997.8188476562,"z":4002.5981445312,"scale":3.3356733322144},"renderWithZones":["{00356305-f3d5-4395-834a-096bbbf4c4dc}"],"grab":{"grabbable":false,"equippableLeftRotation":{"x":-1.52587890625e-5,"y":-1.52587890625e-5,"z":-1.52587890625e-5,"w":1},"equippableRightRotation":{"x":-1.52587890625e-5,"y":-1.52587890625e-5,"z":-1.52587890625e-5,"w":1}},"damping":0,"angularDamping":0,"color":{"red":0,"green":176,"blue":240},"shape":"Cube","clientOnly":false,"avatarEntity":false,"localEntity":false,"faceCamera":false,"isFacingAvatar":false},{"id":"{2f52501f-2d6b-4533-869e-7859d7cdf05c}","type":"Light","lastEdited":1620878008849816,"parentID":"{00356305-f3d5-4395-834a-096bbbf4c4dc}","name":"PASSERELLE_LIGHT","locked":true,"position":{"x":6.104248046875,"y":2.368408203125,"z":4.6046261787415},"dimensions":{"x":13.180814743042,"y":13.180814743042,"z":13.180814743042},"rotation":{"x":-1.52587890625e-5,"y":-1.52587890625e-5,"z":-1.52587890625e-5,"w":1},"created":1619924341980177,"lastEditedBy":"{fdcf0acf-f36e-454c-952d-995297261323}","queryAACube":{"x":3994.6892089844,"y":3990.9533691406,"z":3993.1896972656,"scale":22.829839706421},"renderWithZones":["{00356305-f3d5-4395-834a-096bbbf4c4dc}"],"grab":{"grabbable":false,"equippableLeftRotation":{"x":-1.52587890625e-5,"y":-1.52587890625e-5,"z":-1.52587890625e-5,"w":1},"equippableRightRotation":{"x":-1.52587890625e-5,"y":-1.52587890625e-5,"z":-1.52587890625e-5,"w":1}},"damping":0,"angularDamping":0,"color":{"red":255,"green":153,"blue":0},"intensity":5,"exponent":1,"cutoff":75,"falloffRadius":1,"clientOnly":false,"avatarEntity":false,"localEntity":false,"faceCamera":false,"isFacingAvatar":false},{"id":"{1e20b614-1ec2-4a90-a4f8-5bbdbafcd044}","type":"Model","lastEdited":1620878008854152,"parentID":"{00356305-f3d5-4395-834a-096bbbf4c4dc}","name":"affiche_frame_VR_Recommended.fst","locked":true,"position":{"x":2.43212890625,"y":-0.153076171875,"z":5.618088722229},"dimensions":{"x":0.63947802782059,"y":0.64748567342758,"z":0.066393569111824},"rotation":{"x":-4.57763671875e-5,"y":0.707026720047,"z":-1.52587890625e-5,"w":0.70714890956879},"created":1619924630146668,"lastEditedBy":"{fdcf0acf-f36e-454c-952d-995297261323}","queryAACube":{"x":4001.9755859375,"y":3999.390625,"z":4005.1618652344,"scale":0.91245710849762},"renderWithZones":["{00356305-f3d5-4395-834a-096bbbf4c4dc}"],"grab":{"grabbable":false,"equippableLeftRotation":{"x":-1.52587890625e-5,"y":-1.52587890625e-5,"z":-1.52587890625e-5,"w":1},"equippableRightRotation":{"x":-1.52587890625e-5,"y":-1.52587890625e-5,"z":-1.52587890625e-5,"w":1}},"shapeType":"static-mesh","modelURL":"http:\/\/metaverse.bashora.com\/objects\/pictureFrames\/affiche_frame_VR_Recommended.fst","blendshapeCoefficients":"{\n}\n","clientOnly":false,"avatarEntity":false,"localEntity":false,"faceCamera":false,"isFacingAvatar":false},{"id":"{391b2234-e3ff-456f-bd41-823413b61062}","type":"Model","lastEdited":1620878008853924,"parentID":"{00356305-f3d5-4395-834a-096bbbf4c4dc}","name":"affiche_frame_dependencies.fst","locked":true,"position":{"x":1.84228515625,"y":-0.134033203125,"z":-0.027400337159634},"dimensions":{"x":0.77155721187592,"y":1.142600774765,"z":0.066393569111824},"rotation":{"x":-4.57763671875e-5,"y":1,"z":-4.57763671875e-5,"w":-4.57763671875e-5},"created":1619924490653174,"lastEditedBy":"{fdcf0acf-f36e-454c-952d-995297261323}","queryAACube":{"x":4001.1520996094,"y":3999.17578125,"z":3999.2824707031,"scale":1.3803062438965},"renderWithZones":["{00356305-f3d5-4395-834a-096bbbf4c4dc}"],"grab":{"grabbable":false,"equippableLeftRotation":{"x":-1.52587890625e-5,"y":-1.52587890625e-5,"z":-1.52587890625e-5,"w":1},"equippableRightRotation":{"x":-1.52587890625e-5,"y":-1.52587890625e-5,"z":-1.52587890625e-5,"w":1}},"shapeType":"static-mesh","modelURL":"http:\/\/metaverse.bashora.com\/objects\/pictureFrames\/affiche_frame_dependencies.fst","blendshapeCoefficients":"{\n}\n","clientOnly":false,"avatarEntity":false,"localEntity":false,